{"train loss": 0.5452603101730347, "step": 12, "epoch": 1, "_timestamp": 1712084062.9667513, "_runtime": 111.85100626945496, "_step": 11, "_wandb": {"runtime": 30}}